{"lr-SGD/pg1": 0.001, "lr-SGD/pg2": 0.001, "trainer/global_step": 6249, "_timestamp": 1695396591, "_runtime": 5714, "_step": 249, "train/loss_noun": 0.4298071563243866, "train/loss_box_reg": 0.2638399600982666, "train/loss_verb": 0.05623343586921692, "train/loss_ttc": 0.07363513857126236, "train/loss_objectness": 0.016917269676923752, "train/loss_rpn_box_reg": 0.0023260132875293493, "train/loss_overall": 0.8427590131759644, "epoch": 0}