{"lr-SGD/pg1": 0.0003995, "lr-SGD/pg2": 0.0003995, "trainer/global_step": 799, "_timestamp": 1695381912, "_runtime": 332, "_step": 31, "train/loss_noun": 0.34776875376701355, "train/loss_box_reg": 0.201674222946167, "train/loss_verb": 0.03587803617119789, "train/loss_ttc": 0.17574937641620636, "train/loss_objectness": 0.022397231310606003, "train/loss_rpn_box_reg": 0.0015403173165395856, "train/loss_overall": 0.7850079536437988, "epoch": 0, "_wandb": {"runtime": 334}}